FirstNight	First Night	Finish your first night in the house.
Sirens	Sirens	The police made it in time. Ending: SIRENS.
Taillights	Taillights	Got away in the car and brought help. Ending: TAILLIGHTS.
NextDoor	Next Door	Made it to Mrs. Okafor's and she made the call. Ending: NEXT DOOR.
GoneQuiet	Gone Quiet	Nobody got away. Ending: GONE QUIET.
GotAway	He Got Away	Help was coming, but he was faster. Ending: HE GOT AWAY.
LockedIn	Locked In	Trapped him in the basement until the police came. Ending: LOCKED IN.
CaseClosed	Case Closed	Worked out who he was before the police arrived. Secret ending: CASE CLOSED.
Dawn	Dawn	Lasted until morning. Ending: DAWN.
HardSurvivor	Hard Night	Survived a night on HARD.
Rescuer	Rescuer	Cut a friend free in the boiler room.
